<?xml version="1.0" encoding="UTF-8"?>
<extension type="plugin" version="3.0" method="upgrade" group="user">
	<name>Item Rating  CB Plugin</name>
	<creationDate>August 2014</creationDate>
	<version>2.0.10</version>
	<release>2.0.10</release>
	<author>Joomunited</author>
	<authorEmail>contact@joomunited.com</authorEmail>
	<authorUrl>www.joomunited.com</authorUrl>
	<copyright>Copyright (C) 2005 - 2014 Open Source Matters. All rights reserved.</copyright>
	<license>GNU General Public License version 2</license>
	<description>CB plugin for Item Rating : manage the Rating  via CB</description>
	<files>
		<filename plugin="itemrating">itemrating.php</filename>
		<filename>itemrating.xml</filename>
		<filename>index.html</filename>
	</files>
	<scriptfile>installviacb.php</scriptfile>
</extension>