<?xml version="1.0" encoding="UTF-8"?>
<cbinstall type="plugin" version="1.0" method="upgrade" group="user">
	<name>Item Rating  CB Plugin</name>
	<creationDate>August 2014</creationDate>
	<version>2.0.0</version>
	<release>2.0.0</release>
	<author>Joomunited</author>
	<authorEmail>contact@joomunited.com</authorEmail>
	<authorUrl>www.joomunited.com</authorUrl>
	<copyright>Copyright (C) 2005 - 2014 Open Source Matters. All rights reserved.</copyright>
	<license>GNU General Public License version 2 or later see LICENSE.txt</license>
	<description>CB plugin for Item Rating : manage the Rating  via CB</description>
	<files>
		<filename plugin="itemrating">itemrating.php</filename>
		<filename>index.html</filename>
	</files>
		<params>
		 <param name="groupdata" type="text" label="Item Rating Group ID" description="Put the Item Rating group id from Groups of item Rating"/>
               <param  name="textforscore" type="text"
            label="Text under the total score"
            description="Text under the total score" 
                 /> 
	<param  name="reviewsummary" type="textarea"
            label="Review summary"
            description="Review summary"  />
		
		</params>
	<tabs>
		<tab name="My Rating" description="Get user Rating box on community builder" class="getItemratingTab" fields="0" position="cb_tabmain" displaytype="tab">
			<params>
			</params>
			<fields>
			</fields>
		</tab>
	</tabs>
	<install>
		<queries>
		</queries>
	</install>
	<scriptfile>installviacb.php</scriptfile>
	<uninstall>
		<queries>
		</queries>
	</uninstall>
	 <database>
	</database>
</cbinstall>