<?xml version="1.0" encoding="utf-8"?>
<extension type="component" version="3.0" method="upgrade">
    <name>com_cubic</name>
    <author>Chints K</author>
    <authorEmail>raindropsinfotech@gmail.com</authorEmail>
    <authorUrl>http://www.raindropsinfotech.com</authorUrl>
    <creationDate>2015-01-11</creationDate>
    <copyright>Copyright (C) 2015. All rights reserved.</copyright>
    <license>License Info</license>
    <version>1.0.0</version>
    <description></description>
    
    <scriptfile>script.php</scriptfile>
    
    <install> <!-- Runs on install -->
        <sql>
            <file driver="mysql" charset="utf8">sql/install.mysql.utf8.sql</file>
        </sql>
    </install>
    <uninstall> <!-- Runs on uninstall -->
        <sql>
            <file driver="mysql" charset="utf8">sql/uninstall.mysql.utf8.sql</file>
        </sql>
    </uninstall>

    <files folder="site">
        <filename>index.html</filename>
        <filename>cubic.php</filename>
        <filename>controller.php</filename>
        <filename>router.php</filename>
        <folder>views</folder>
        <folder>models</folder>
        <folder>controllers</folder>
        <folder>helpers</folder>
        <folder>assets</folder>
    </files>
    <languages folder="languages/site">
        
			<language tag="en-GB">en-GB/en-GB.com_cubic.ini</language>
    </languages>
    <administration>
        <menu img="components/com_cubic/assets/images/s_com_cubic.png" >COM_CUBIC</menu>
        <submenu>
            
			<menu link="option=com_cubic&amp;view=cubes" view="cubes" img="components/com_cubic/assets/images/s_cubes.png" alt="Cubic/Cubes">COM_CUBIC_TITLE_CUBES</menu>

			<menu link="option=com_cubic&amp;view=categoriess" view="categoriess" img="components/com_cubic/assets/images/s_categoriess.png" alt="Cubic/Categoriess">COM_CUBIC_TITLE_CATEGORIESS</menu>

			<menu link="option=com_cubic&amp;view=items" view="items" img="components/com_cubic/assets/images/s_items.png" alt="Cubic/Items">COM_CUBIC_TITLE_ITEMS</menu>

        </submenu>
        <files folder="admin">
            <filename>access.xml</filename>
            <filename>config.xml</filename>
            <filename>controller.php</filename>
            <filename>index.html</filename>
            <filename>cubic.php</filename>
            <folder>controllers</folder>
            <folder>assets</folder>
            <folder>helpers</folder>
            <folder>models</folder>
            <folder>sql</folder>
            <folder>tables</folder>
            <folder>views</folder>
        </files>
        <languages folder="languages/admin">
			<language tag="en-GB">en-GB/en-GB.com_cubic.ini</language>
			<language tag="en-GB">en-GB/en-GB.com_cubic.sys.ini</language>
        </languages>
    </administration>
    <plugins>
        <plugin group="search" plugin="cubic" />
    </plugins>
    
</extension>
<!-- Component built by the Joomla Component Creator -->
<!-- http://www.component-creator.com/ -->
